{"weight_0": 2.458628898058858, "right_weight_0": 0.0, "weight_1": 102.5414277364155, "right_weight_1": 50.0}